{
  "trained_at": "2026-02-20T01:10:33.956675",
  "model_type": "XGBoost",
  "metrics": {
    "train": {
      "accuracy": 0.8995625,
      "precision": 0.8539249146757679,
      "recall": 0.9209363957597173,
      "f1": 0.8861656159240632,
      "roc_auc": 0.9649729737750448
    },
    "validation": {
      "accuracy": 0.8835,
      "precision": 0.8324175824175825,
      "recall": 0.9039379474940334,
      "f1": 0.8667048054919908,
      "roc_auc": 0.9526936162652655
    }
  },
  "feature_count": 8
}