{
  "trained_at": "2026-03-23T16:05:08.338899",
  "model_type": "XGBoost",
  "metrics": {
    "train": {
      "accuracy": 0.907,
      "precision": 0.8719908291937333,
      "recall": 0.9340974212034384,
      "f1": 0.9019762845849802,
      "roc_auc": 0.9699558026648063
    },
    "validation": {
      "accuracy": 0.898,
      "precision": 0.8633507853403142,
      "recall": 0.9181514476614699,
      "f1": 0.8899082568807339,
      "roc_auc": 0.9623687343117798
    }
  },
  "feature_count": 11
}